{
  "timestamp": "2025-08-30T16:07:38.486338",
  "quality_analysis": {
    "total_forecasts": 216,
    "stations": 3,
    "horizon_coverage": {
      "min_horizon": "1",
      "max_horizon": "72",
      "expected_hours": 72
    },
    "quality_flags": {
      "degraded": 141,
      "uncertain": 72,
      "ok": 3
    },
    "missing_features_stats": {
      "mean": 3.3055555555555554,
      "max": "4",
      "std": 1.0248841870666288
    },
    "uncertainty_analysis": {
      "mean_uncertainty": 0.83,
      "uncertainty_growth": {
        "1": 0.12,
        "2": 0.14,
        "3": 0.16,
        "4": 0.18000000000000002,
        "5": 0.20000000000000004,
        "6": 0.22,
        "7": 0.24,
        "8": 0.26,
        "9": 0.28,
        "10": 0.3,
        "11": 0.32,
        "12": 0.3399999999999999,
        "13": 0.36000000000000004,
        "14": 0.38000000000000006,
        "15": 0.4000000000000001,
        "16": 0.42,
        "17": 0.44,
        "18": 0.4599999999999999,
        "19": 0.48,
        "20": 0.5,
        "21": 0.52,
        "22": 0.54,
        "23": 0.56,
        "24": 0.58,
        "25": 0.6,
        "26": 0.62,
        "27": 0.64,
        "28": 0.66,
        "29": 0.68,
        "30": 0.6999999999999998,
        "31": 0.7200000000000001,
        "32": 0.7399999999999999,
        "33": 0.7600000000000001,
        "34": 0.7799999999999999,
        "35": 0.8000000000000002,
        "36": 0.82,
        "37": 0.84,
        "38": 0.86,
        "39": 0.88,
        "40": 0.9,
        "41": 0.92,
        "42": 0.94,
        "43": 0.96,
        "44": 0.98,
        "45": 1.0,
        "46": 1.02,
        "47": 1.04,
        "48": 1.06,
        "49": 1.08,
        "50": 1.1,
        "51": 1.12,
        "52": 1.14,
        "53": 1.16,
        "54": 1.1800000000000002,
        "55": 1.2000000000000002,
        "56": 1.2200000000000002,
        "57": 1.2400000000000002,
        "58": 1.26,
        "59": 1.28,
        "60": 1.3,
        "61": 1.32,
        "62": 1.34,
        "63": 1.36,
        "64": 1.38,
        "65": 1.3999999999999997,
        "66": 1.4200000000000002,
        "67": 1.4400000000000002,
        "68": 1.4600000000000002,
        "69": 1.4800000000000002,
        "70": 1.5000000000000002,
        "71": 1.5200000000000002,
        "72": 1.54
      }
    },
    "value_analysis": {
      "mean_forecast": 49.13794452670271,
      "forecast_range": [
        36.77896600205364,
        66.72196675562043
      ],
      "unrealistic_values": 0,
      "extreme_values": 0
    },
    "smoothness_analysis": {
      "station_smoothness": {
        "ST001": 1.7541234438025488,
        "ST002": 1.6074782475573437,
        "ST003": 1.7443057790082115
      },
      "avg_smoothness": 1.701969156789368,
      "smoothness_threshold": 5.0
    }
  },
  "feature_consistency": {
    "training_features_count": 15,
    "model_features_count": 15,
    "historical_features_count": 25,
    "feature_drift": {
      "missing_in_model": [],
      "extra_in_model": [],
      "missing_in_historical": []
    },
    "consistency_score": 1.0
  },
  "driver_alignment": {
    "weather_data": {
      "total_hours": 2376,
      "stations": 3,
      "time_range": [
        "2024-01-01 00:00:00",
        "2024-02-02 23:00:00"
      ],
      "missing_values": "0",
      "coverage_for_72h": true
    },
    "simulation_data": {
      "total_hours": 2376,
      "stations": 3,
      "time_range": [
        "2024-01-01 00:00:00",
        "2024-02-02 23:00:00"
      ],
      "missing_values": "0",
      "coverage_for_72h": true
    },
    "alignment_issues": []
  },
  "schema_validation": {
    "csv_columns": [
      "issue_time",
      "target_time",
      "station_id",
      "horizon_hours",
      "pm25_forecast",
      "pm25_lower_ci",
      "pm25_upper_ci",
      "uncertainty",
      "quality_flag",
      "missing_features",
      "units"
    ],
    "expected_columns": [
      "issue_time",
      "target_time",
      "station_id",
      "horizon_hours",
      "pm25_forecast",
      "pm25_lower_ci",
      "pm25_upper_ci",
      "uncertainty",
      "quality_flag",
      "missing_features",
      "units"
    ],
    "missing_columns": [],
    "extra_columns": [],
    "metadata_completeness": {
      "has_model_hash": true,
      "has_validation_results": true,
      "has_data_provenance": true,
      "has_uncertainty_info": true,
      "has_quality_summary": true
    },
    "schema_version": "2.0",
    "units_consistency": true,
    "schema_complete": true
  },
  "propagation_analysis": {
    "ST001": {
      "forecast_std": 3.3429922681996915,
      "mean_forecast_change": 1.7541234438025484,
      "uncertainty_growth_rate": 0.02,
      "low_variation_flag": "False",
      "high_variation_flag": "False",
      "max_uncertainty": 1.54,
      "error_propagation_score": 0.04751033483267169
    },
    "ST002": {
      "forecast_std": 2.760082081308312,
      "mean_forecast_change": 1.6074782475573437,
      "uncertainty_growth_rate": 0.02,
      "low_variation_flag": "False",
      "high_variation_flag": "False",
      "max_uncertainty": 1.54,
      "error_propagation_score": 0.03538225477011831
    },
    "ST003": {
      "forecast_std": 3.0255154734590377,
      "mean_forecast_change": 1.7443057790082115,
      "uncertainty_growth_rate": 0.02,
      "low_variation_flag": "False",
      "high_variation_flag": "False",
      "max_uncertainty": 1.54,
      "error_propagation_score": 0.05166043246180327
    }
  },
  "critical_issues": [],
  "warnings": [
    "Forecasts may be unrealistically smooth",
    "High number of missing features in forecasts"
  ]
}