{
  "MSE": 58.846007304360946,
  "RMSE": 7.671115127826003,
  "MAE": 6.134488983908472,
  "R2": 0.7534118821701192,
  "samples": 2088
}