{
  "fold_1": {
    "MSE": 8.23068181911127,
    "RMSE": 2.86891648869591,
    "MAE": 2.3208894480829416,
    "R2": 0.9388237948970886,
    "train_samples": 348,
    "val_samples": 348
  },
  "fold_2": {
    "MSE": 36.86417744668121,
    "RMSE": 6.071587720413929,
    "MAE": 4.352917124876486,
    "R2": 0.847139086730116,
    "train_samples": 696,
    "val_samples": 348
  },
  "fold_3": {
    "MSE": 7.392472280230272,
    "RMSE": 2.7189101272808323,
    "MAE": 2.178775309670445,
    "R2": 0.9671828688813942,
    "train_samples": 1044,
    "val_samples": 348
  },
  "fold_4": {
    "MSE": 6.054498047989446,
    "RMSE": 2.4605889636405034,
    "MAE": 1.9747999424160794,
    "R2": 0.9480197956618435,
    "train_samples": 1392,
    "val_samples": 348
  },
  "fold_5": {
    "MSE": 5.9729440013362405,
    "RMSE": 2.4439607200886515,
    "MAE": 2.0133730700358607,
    "R2": 0.9481910094213042,
    "train_samples": 1740,
    "val_samples": 348
  },
  "cv_info": {
    "cv_type": "time_series_cv",
    "n_folds": 5,
    "total_samples": 2088
  }
}